<dfa>
<initial_state>
    <q12/>
</initial_state>
<states>
    <q0/>
    <q1/>
    <q2/>
    <q3/>
    <q4/>
    <q5/>
    <q6/>
    <q7/>
    <q8/>
    <q9/>
    <q10/>
    <q11/>
    <q12/>
</states>
<transitions>
    <q6>
        <q0>x</q0>
    </q6>
    <q7>
        <q2>r</q2>
    </q7>
    <q8>
        <q6>e</q6>
    </q8>
    <q9>
        <q4>e</q4>
    </q9>
    <q10>
        <q0>r</q0>
    </q10>
    <q1>
        <q7>e</q7>
    </q1>
    <q11>
        <q3>n</q3>
    </q11>
    <q2>
        <q0>e</q0>
    </q2>
    <q3>
        <q5>t</q5>
    </q3>
    <q12>
        <q9>R</q9>
        <q1>H</q1>
        <q11>E</q11>
    </q12>
    <q4>
        <q8>g</q8>
    </q4>
    <q5>
        <q10>e</q10>
    </q5>
</transitions>
<accept_states>
    <q0/>
</accept_states>
</dfa>